{"cameraMode":{"drawMode":0,"name":"Shaded","section":"Shading Mode"},"sceneLighting":false,"audioPlay":false,"sceneViewState":{"showFog":false,"showMaterialUpdate":false,"showSkybox":false,"showFlares":false,"showImageEffects":false,"showParticleSystems":true},"in2DMode":false,"pivot":{"x":6.426434516906738,"y":-2.442673683166504,"z":1.6356334686279297},"rotation":{"x":0.054201629012823108,"y":0.9450386166572571,"z":-0.20767101645469666,"w":0.2466515749692917},"size":73.44764709472656,"orthographic":false}