{"cameraMode":{"drawMode":0,"name":"Shaded","section":"Shading Mode"},"sceneLighting":false,"audioPlay":false,"sceneViewState":{"showFog":false,"showMaterialUpdate":false,"showSkybox":false,"showFlares":false,"showImageEffects":false,"showParticleSystems":true},"in2DMode":false,"pivot":{"x":0.01429099403321743,"y":0.09489316493272782,"z":-0.11286807060241699},"rotation":{"x":-0.42431557178497317,"y":0.31084874272346499,"z":-0.15782667696475984,"w":-0.8357154130935669},"size":0.2999427914619446,"orthographic":false}